,0
0,strange_error.npy
1,when.npy
2,determined.npy
3,nine_10.npy
4,nailed_it.npy
5,metallic.npy
6,call_me.npy
7,oringz-pack-nine-18.npy
8,rvrb2.npy
9,no_way.npy
10,hmm_3.npy
11,strong_minded.npy
12,rising_up.npy
13,man_i_have_a_secret.npy
14,silent-glass.npy
15,thrown.npy
16,does_not_behave.npy
17,sonar.npy
18,rise.npy
19,closed.npy
20,oringz-pack-nine-33.npy
21,wind_up_1.npy
22,hollow.npy
23,cheerful_1.npy
24,man_come_closer.npy
25,ends_with_a_harmonic.npy
26,gesture.npy
27,wind_up_5.npy
28,nine_11.npy
29,granules.npy
30,nasty_error_short.npy
31,oringz-pack-nine-31.npy
32,news_bringer.npy
33,you.npy
34,rubber_wall.npy
35,coins.npy
36,pedantic.npy
37,piece_of_cake.npy
38,door-knock.npy
39,asmr_girl_i_got_news_for_you.npy
40,nine_21.npy
41,hey_2.npy
42,hello.npy
43,lots_of_data.npy
44,strum.npy
45,man_im_riiiinging.npy
46,error_4.npy
47,oringz-pack-nine-23.npy
48,break_forth.npy
49,fin.npy
50,incoming_call.npy
51,you_cant_go_further.npy
52,youve_been_informed.npy
53,just_like_magic.npy
54,listen_up.npy
55,droplet.npy
56,plastik.npy
57,mishap.npy
58,soundfx-harsh-faash.npy
59,nine_36.npy
60,glitch.npy
61,man_giggle_2.npy
62,oringz-pack-nine-17.npy
63,here_it_is.npy
64,jubilation.npy
65,up_to_speed.npy
66,oh_finally.npy
67,arp-up.npy
68,nine_23.npy
69,electronic.npy
70,got_it_done.npy
71,arpeggio.npy
72,armed.npy
73,relax.npy
74,disintegration.npy
75,ho_ho.npy
76,braked.npy
77,hello_5.npy
78,twirl.npy
79,opera.npy
80,alarm-navy-buzzer.npy
81,from_the_dark_side.npy
82,springtime.npy
83,applause.npy
84,hoarse.npy
85,angry_laser.npy
86,short_sweep.npy
87,youre_a_pussy.npy
88,fast_turnaround.npy
89,hello_2.npy
90,old-taxi-horn-2.npy
91,beyond_doubt_2.npy
92,asmr_girl_this_is_forbidden.npy
93,happy_new_year_sms.npy
94,vuvuzela-hiphop.npy
95,gone_chirpin.npy
96,goes_without_saying.npy
97,direct.npy
98,razor_sharp.npy
99,big-gun.npy
100,unpaved.npy
101,open_ended.npy
102,asmr_girl_come_closer.npy
103,swiftly.npy
104,hurry_song.npy
105,hello_4.npy
106,asmr_girl_hey.npy
107,clicking.npy
108,bubbling_up.npy
109,oh_boy.npy
110,scissors.npy
111,deduction.npy
112,nine_44.npy
113,the_little_dwarf.npy
114,ending.npy
115,end_point_reached.npy
116,asmr_girl_pick_me_up.npy
117,asmr_girl_you_have_a_message.npy
118,that_look.npy
119,alarma.npy
120,delicate_like_sand_paper.npy
121,cheerful_2.npy
122,harping_all_the_way.npy
123,frozen_powerlines.npy
124,oringz-pack-nine-07.npy
125,asmr_girl_giggle_1.npy
126,nine_34.npy
127,exclamation.npy
128,you_expect_me_to_believe_this_shit.npy
129,ambulance-approach.npy
130,sucked_into_the_dark_side.npy
131,nine_45.npy
132,oringz-pack-nine-46.npy
133,so_proud.npy
134,stairs.npy
135,ok.npy
136,asmr_girl_kiss.npy
137,two_turtle_doves.npy
138,unexpected.npy
139,sorry_2.npy
140,oringz-pack-nine-10.npy
141,man_you_have_a_new_message.npy
142,hand_bell.npy
143,smack_that_bitch.npy
144,oringz-pack-nine-42.npy
145,swish.npy
146,enough_with_the_talking.npy
147,cuckoo-clock.npy
148,classic_ringer.npy
149,ringing_chirp_repeated.npy
150,1-128.npy
151,return.npy
152,unsure.npy
153,allusive.npy
154,nine_06.npy
155,oringz-pack-nine-27.npy
156,a_taste_of_the_whip.npy
157,bells-message.npy
158,error_3.npy
159,in_passing.npy
160,sorry.npy
161,soundfx-startingup.npy
162,nine_48.npy
163,hold_on.npy
164,nine_30.npy
165,chafing.npy
166,siren-air-raid.npy
167,chimes.npy
168,power_down.npy
169,wee_tziu.npy
170,nine_02.npy
171,v-implayingwiththetongue.npy
172,like_it_never_even_happened.npy
173,nine_17.npy
174,you_a_merry_christmas.npy
175,nine_28.npy
176,do_not_press_this_button.npy
177,oringz-pack-nine-25.npy
178,please-answer.npy
179,intricate.npy
180,demonstrative.npy
181,open_your_eyes_and_see.npy
182,time_has_come.npy
183,oringz-pack-nine-12.npy
184,engine.npy
185,nine_19.npy
186,squeeze.npy
187,sms.npy
188,hangover.npy
189,aww.npy
190,creaky_wood_door.npy
191,hell_yeah_calmer.npy
192,asmr_girl_wanna_know_something_cool.npy
193,all_eyes_on_me.npy
194,no_more_waiting.npy
195,oringz-pack-nine-44.npy
196,buzzer.npy
197,chimes_power_down.npy
198,nine_01.npy
199,nine_32.npy
200,tiny-rings-2.npy
201,reversed.npy
202,all_systems_down.npy
203,asmr_girl_ok.npy
204,point_blank.npy
205,quest.npy
206,fly_by.npy
207,inquisitiveness.npy
208,indeed.npy
209,oringz-pack-nine-20.npy
210,nine_35.npy
211,promise.npy
212,hold_your_horses.npy
213,song.npy
214,oringz-pack-nine-48.npy
215,unexpectedly.npy
216,tweet.npy
217,may_i_have_your_attention.npy
218,approaching.npy
219,springy_incident.npy
220,attention_seeker.npy
221,worthwhile.npy
222,swift.npy
223,hide_and_seek.npy
224,ill_make_it_possible.npy
225,asmr_girl_im_ringing.npy
226,chin_up.npy
227,alarm_frenzy.npy
228,asmr_girl_well.npy
229,meaty.npy
230,beyond_doubt.npy
231,v-1-single.npy
232,hey_champ.npy
233,supporters.npy
234,pizzicato.npy
235,all_of_a_sudden.npy
236,oringz-pack-nine-43.npy
237,finished_task.npy
238,in-a-hurry-song.npy
239,on_serious_matters.npy
240,sharp.npy
241,that_was_quick.npy
242,alarming.npy
243,tick.npy
244,hurry.npy
245,case_closed.npy
246,who.npy
247,nine_27.npy
248,swinging.npy
249,oringz-pack-nine-22.npy
250,lace.npy
251,elastique.npy
252,take_this.npy
253,awareness.npy
254,nestling.npy
255,its_me_again.npy
256,short_trip_to_the_bottom.npy
257,soundfx-slowingdown.npy
258,digital_spit.npy
259,upset.npy
260,asmr_girl_here.npy
261,microbubbles.npy
262,munchausen.npy
263,look_this_is_what_i_was_talking_about.npy
264,oringz-pack-nine-01.npy
265,tightly.npy
266,dropped_spinner.npy
267,nine_03.npy
268,oringz-pack-nine-45.npy
269,splash.npy
270,maybe_one_day.npy
271,me_too.npy
272,man_giggle_1.npy
273,man_attention.npy
274,reload.npy
275,through_teeth.npy
276,pitched_so_high.npy
277,asmr_girl_yo.npy
278,obsession.npy
279,plucky.npy
280,ringing_bells.npy
281,locking_mechanism.npy
282,nine_47.npy
283,intuition.npy
284,whatever.npy
285,shuffle.npy
286,seagulls.npy
287,crystalline.npy
288,old-taxi-horn-4.npy
289,nine_16.npy
290,little_christmas.npy
291,message.npy
292,nine_07.npy
293,argh_my_eyes.npy
294,stuffed_and_dropped.npy
295,asmr_girl_im_here.npy
296,long_chime_sound.npy
297,little_bell.npy
298,bugle-call-toarms.npy
299,oringz-pack-nine-11.npy
300,scratch.npy
301,going_up.npy
302,lovely.npy
303,asmr_girl_ooh.npy
304,trained.npy
305,task_completed.npy
306,oringz-pack-nine-13.npy
307,get_outta_here.npy
308,done.npy
309,asmr_girl_hey_2.npy
310,obey.npy
311,out_of_nowhere.npy
312,rooted.npy
313,cooked.npy
314,in_your_plate.npy
315,hmm_2.npy
316,man_look_at_me.npy
317,fire-alarm.npy
318,office_1.npy
319,plastic_bird.npy
320,isnt_it.npy
321,credulous.npy
322,slap.npy
323,swift_gesture.npy
324,asmr_girl_im_here_2.npy
325,undeniable.npy
326,man_hello_beautiful.npy
327,clearly.npy
328,hey_take_a_look_2.npy
329,dont_think_so.npy
330,asmr_girl_excuse_me.npy
331,excuse_me_2.npy
332,good_things_happen.npy
333,oringz-pack-nine-05.npy
334,small_tip.npy
335,reinforced.npy
336,sunny.npy
337,chirpy.npy
338,put_down.npy
339,asmr_girl_giggle_2.npy
340,synthetic.npy
341,asmr_girl_i_love_you.npy
342,decided.npy
343,dog-barking.npy
344,completed.npy
345,you_song.npy
346,pick_me_up.npy
347,serious_strike.npy
348,thrown_away.npy
349,wind_up_2.npy
350,man_youre_beautiful.npy
351,begging_for_more.npy
352,good.npy
353,microsong-asia.npy
354,alien_technology.npy
355,oringz-pack-nine-03.npy
356,pretty_good.npy
357,pluck.npy
358,v-6.npy
359,solemn.npy
360,results.npy
361,obviously.npy
362,attention_required.npy
363,man_yo.npy
364,you_have_a_new_message.npy
365,push_and_go.npy
366,message_2.npy
367,what_if.npy
368,asmr_girl_hey_there.npy
369,gummy_sweep.npy
370,pull_out.npy
371,thin.npy
372,there_you_go.npy
373,metal.npy
374,see_im_smart.npy
375,drop_in.npy
376,come_to_daddy.npy
377,wind_up_3.npy
378,you_have_a_new_message_2.npy
379,asmr_girl_pick_me_up_2.npy
380,fallin.npy
381,self_assured.npy
382,new_notification_2.npy
383,asmr_girl_you_there.npy
384,fast-bells.npy
385,annoy_me.npy
386,cable_unplugged.npy
387,asmr_girl_new_message.npy
388,braking.npy
389,confident.npy
390,oringz-pack-nine-19.npy
391,nine_12.npy
392,achievement.npy
393,martian-gun.npy
394,quarrel.npy
395,bullfrog.npy
396,oringz-pack-nine-04.npy
397,did_it.npy
398,rising_to_the_surface_.npy
399,rvrb.npy
400,shovel.npy
401,question_raised.npy
402,brute_force.npy
403,horse-whinnies-4.npy
404,oringz-pack-nine-09.npy
405,appointed.npy
406,machine_poo.npy
407,telephone-busy-signal.npy
408,hey_take_a_look.npy
409,asmr_girl_its_for_you.npy
410,magic.npy
411,successful.npy
412,ringing_sound.npy
413,system_fault.npy
414,consequence.npy
415,smack.npy
416,car-horn.npy
417,served.npy
418,pull_back.npy
419,direct_quieter.npy
420,happy_ending.npy
421,quickie.npy
422,old-taxi-horn-3.npy
423,mmm_2.npy
424,soft_tick.npy
425,flutter.npy
426,system.npy
427,succeeded.npy
428,jammed.npy
429,closure.npy
430,not_bad.npy
431,oringz-pack-nine-08.npy
432,i_demand_attention.npy
433,man_message.npy
434,this_is_it.npy
435,asmr_girl_attention.npy
436,oringz-pack-nine-02.npy
437,springy.npy
438,dropped.npy
439,hey_3.npy
440,clock-ticking.npy
441,be_gentle_with_yourself.npy
442,mistery_unlocked.npy
443,gums.npy
444,access_granted_computer_voice.npy
445,dings.npy
446,y.npy
447,falling_into_place.npy
448,tasty.npy
449,knob.npy
450,bells.npy
451,oringz-pack-nine-14.npy
452,quiet_knock.npy
453,nine_25.npy
454,insight.npy
455,oringz-pack-nine-35.npy
456,congratulations.npy
457,strike.npy
458,asmr_girl_look_at_me.npy
459,ringing_bells_2.npy
460,ascendent-64kbps.npy
461,concise.npy
462,oringz-pack-nine-06.npy
463,hmm.npy
464,definite.npy
465,sounds_793_trembling.npy
466,nine_46.npy
467,sorted.npy
468,oringz-pack-nine-38.npy
469,genuinely_interested.npy
470,mmm.npy
471,nine_43.npy
472,proud.npy
473,a_ha_moment.npy
474,open_up.npy
475,oh_noes.npy
476,frog.npy
477,like_a_door_bell.npy
478,elegant.npy
479,shy.npy
480,cyberincident.npy
481,oringz-pack-nine-37.npy
482,tiny-rings.npy
483,takes_off.npy
484,guess_who_2.npy
485,wet.npy
486,door-knock-2.npy
487,departure.npy
488,sorry_to_bother_you.npy
489,gets_in_the_way.npy
490,christmas_tune.npy
491,ok_2.npy
492,asmr_girl_hey_pssst.npy
493,aliens_stealing_our_clocks.npy
494,sting.npy
495,give_me_that_back.npy
496,just_maybe.npy
497,pungent.npy
498,message_with_intro.npy
499,checked_off.npy
500,shrt.npy
501,dogged.npy
502,strongly_attached.npy
503,oringz-pack-nine-28.npy
504,job_done.npy
505,long_dang.npy
506,v-2-single.npy
507,chime.npy
508,pick_me_up_2.npy
509,you_wouldnt_believe.npy
510,oringz-pack-nine-40.npy
511,teleporter.npy
512,wailing.npy
513,asmr_girl_forbidden.npy
514,my_work_is_done.npy
515,yep.npy
516,2.npy
517,long_expected.npy
518,engaged.npy
519,unconvinced.npy
520,anybody_home.npy
521,man_oh.npy
522,anxious.npy
523,vuvuzela-techno.npy
524,ache.npy
525,oringz-pack-nine-34.npy
526,oh_really.npy
527,no_trespassing.npy
528,what_friends_are_for.npy
529,blocker.npy
530,inflicted.npy
531,sisfus.npy
532,maidenly.npy
533,notification_1.npy
534,abduction.npy
535,new_notification.npy
536,if_you_dont_pick.npy
537,answer_will_you.npy
538,disobedient.npy
539,oringz-pack-nine-32.npy
540,man-laughing-2.npy
541,i_saw_you.npy
542,victory.npy
543,morning.npy
544,connection.npy
545,on_spot.npy
546,hey_im_here_too.npy
547,singing-vuvuzela.npy
548,salient.npy
549,eventually.npy
550,hiccup.npy
551,asmr_girl_its_me.npy
552,hit.npy
553,sky_high_pitch.npy
554,nine_18.npy
555,registered.npy
556,assiduous.npy
557,wind_up_4.npy
558,playful.npy
559,nine_33.npy
560,hasty_ba_dum_tss.npy
561,juntos.npy
562,milestone.npy
563,base.npy
564,thats_how_it_goes.npy
565,something_you_dont_mess_with.npy
566,shield.npy
567,furrow.npy
568,out_of_bounds.npy
569,professionals.npy
570,ringing_chirp.npy
571,of_bells.npy
572,important-stuff-song.npy
573,this_guitar.npy
574,beep.npy
575,nine_29.npy
576,conclusive.npy
577,what.npy
578,time_is_now.npy
579,here-I-am.npy
580,accomplished.npy
581,losing_patience.npy
582,bring_the_drama.npy
583,forced_out.npy
584,ring1-test.npy
585,soundfx-scratch-that.npy
586,finger_push.npy
587,asmr_girl_i_need_your_attention.npy
588,fly.npy
589,nine_22.npy
590,asmr_girl_message.npy
591,slow_jingle_bells.npy
592,nine_05.npy
593,bus-horn.npy
594,office_2.npy
595,glass-beaking-2.npy
596,asmr_girl_youre_beautiful.npy
597,overzealous.npy
598,lovingly.npy
599,nine_15.npy
600,capisci.npy
601,unrecoverable.npy
602,show_stopper.npy
603,pristine.npy
604,in_closing.npy
605,for_sure.npy
606,glitchy_language.npy
607,another_hand_bell.npy
608,the_squeaky_wheel_gets_the_grease.npy
609,no_manners.npy
610,soundfx-outofspace-gog.npy
611,stealthy_beep.npy
612,wakeup-will-you-song.npy
613,tiny_steel_ball.npy
614,percussion_sound.npy
615,trick.npy
616,happy_jump.npy
617,right_here_on_this_spot.npy
618,nine_20.npy
619,men-laughing.npy
620,done_for_you.npy
621,nine_13.npy
622,relentless.npy
623,tower-clock.npy
624,cant_do_that.npy
625,oringz-pack-nine-26.npy
626,slow_spring_board.npy
627,oringz-pack-nine-36.npy
628,shut_the_fuck_down.npy
629,asmr_girl_i_need_you.npy
630,can_you_hear_this.npy
631,all_cards_on_table.npy
632,immersion.npy
633,asmr_girl_new_notification.npy
634,code.npy
635,thats_it.npy
636,guess_what.npy
637,you_would_be_glad.npy
638,attracted.npy
639,sci_fi_ish.npy
640,nine_04.npy
641,thin_air.npy
642,man_hmmm.npy
643,arp.npy
644,done_2.npy
645,old-taxi-horn-1.npy
646,snippy.npy
647,whistling.npy
648,surprise_on_a_spring.npy
649,told_you_so.npy
650,croak.npy
651,ending_reached.npy
652,announcement.npy
653,glitch_in_the_matrix.npy
654,nine_42.npy
655,buzzy.npy
656,cutting_through.npy
657,man_its_for_you.npy
658,nice_cut.npy
659,man_excuse_me.npy
660,oringz-pack-nine-16.npy
661,guess_who.npy
662,oringz-pack-nine-41.npy
663,nine_24.npy
664,communication_channel.npy
665,parental_punishment.npy
666,man-laughing.npy
667,moonless.npy
668,hesitating.npy
669,exquisite.npy
670,incoming_call_2.npy
671,your_turn.npy
672,new-message.npy
673,short_notice.npy
674,nasty_error_long.npy
675,good_morning.npy
676,oringz-pack-nine-39.npy
677,light.npy
678,stealthy_swoosh.npy
679,paranoid.npy
680,thats_nasty.npy
681,excuse_me_3.npy
682,good-news.npy
683,quiet_twitch.npy
684,robot_cant_believe_his_eyes.npy
685,suppressed.npy
686,arrogant.npy
687,nine_08.npy
688,conclusion.npy
689,rush.npy
690,asmr_girl_i_have_a_secret.npy
691,man_mmmm.npy
692,shoot_em.npy
693,shut_your_mouth.npy
694,micro.npy
695,monotone.npy
696,discreet-song.npy
697,hell_yeah.npy
698,cause_and_effect.npy
699,hard_rubby.npy
700,thats_a_no.npy
701,smile.npy
702,man_forbidden.npy
703,not_kiddin.npy
704,maybe.npy
705,if_you_dont_pick_2.npy
706,me.npy
707,unknown_floating_device.npy
708,nine_09.npy
709,high-gong.npy
710,ti-na.npy
711,gentle_alarm.npy
712,access_granted.npy
713,hey.npy
714,excuse_me.npy
715,early-sunrise-song.npy
716,just_saying.npy
717,man_pick_me_up_im_here.npy
718,enough.npy
719,oringz-pack-nine-15.npy
720,asmr_girl_mmmm.npy
721,knuckle.npy
722,et_voila.npy
723,microsong-3notes-reverb.npy
724,in_the_end.npy
725,rawhide.npy
726,oringz-pack-nine-30.npy
727,graceful.npy
728,am.npy
729,fingerlicking.npy
730,small_footprint.npy
731,oringz-pack-nine-24.npy
732,decay.npy
733,i_am_being_serious.npy
734,you_know.npy
735,i_beg_you.npy
736,long_tail_ringing_sound.npy
737,microbounce.npy
738,just_like_that.npy
739,12_days_of_christmas.npy
740,vuvuzela-power-down.npy
741,cuckoo-clock-2.npy
742,oringz-pack-nine-21.npy
743,flying_by.npy
744,quite_impressed.npy
745,hey_look_at_me.npy
746,on_target.npy
747,birdroid.npy
748,oringz-pack-nine-29.npy
749,to_the_point.npy
750,are_you_kidding.npy
751,asmr_girl_let_me_tell_you_a_secret.npy
752,will_you.npy
753,net.npy
754,arrived.npy
755,oringz-pack-nine-47.npy
756,nine_26.npy
757,slow_spring_board_longer_tail.npy
