,fname
0,discreet-song.wav
1,new_notification_2.wav
2,annoy_me.wav
3,seagulls.wav
4,break_forth.wav
5,Fart.wav
6,hey_3.wav
7,juntos.wav
8,hey_2.wav
9,credulous.wav
10,beep.wav
11,soft_tick.wav
12,asmr_girl_i_love_you.wav
13,strong_minded.wav
14,nine_15.wav
15,asmr_girl_let_me_tell_you_a_secret.wav
16,little_christmas.wav
17,upset.wav
18,consequence.wav
19,springy.wav
20,Whistle2.wav
21,direct.wav
22,mmm_2.wav
23,listen_up.wav
24,call_me.wav
25,oringz-pack-nine-11.wav
26,fallin.wav
27,oringz-pack-nine-06.wav
28,dont_think_so.wav
29,S19_WHAT_THE_HECK_2.wav
30,man_hello_beautiful.wav
31,fingerlicking.wav
32,S72_PURR_1.wav
33,v-1-single.wav
34,strange_error.wav
35,bus-horn.wav
36,end_point_reached.wav
37,v-implayingwiththetongue.wav
38,asmr_girl_ooh.wav
39,me.wav
40,Humm3.wav
41,Purr3.wav
42,trick.wav
43,abduction.wav
44,men-laughing.wav
45,nine_44.wav
46,oringz-pack-nine-02.wav
47,on_target.wav
48,cable_unplugged.wav
49,nine_20.wav
50,ascendent-64kbps.wav
51,losing_patience.wav
52,Humm2.wav
53,rise.wav
54,oringz-pack-nine-44.wav
55,got_it_done.wav
56,pretty_good.wav
57,question_raised.wav
58,Greeting3.wav
59,stairs.wav
60,sorted.wav
61,nailed_it.wav
62,S52_WHISTLE.wav
63,S113_PANCAKE_ROBOT_WHISTLE_LOUDER.wav
64,Startup.wav
65,oringz-pack-nine-20.wav
66,long_chime_sound.wav
67,long_expected.wav
68,good.wav
69,oringz-pack-nine-39.wav
70,sisfus.wav
71,please-answer.wav
72,nine_46.wav
73,just_saying.wav
74,cyberincident.wav
75,ache.wav
76,gums.wav
77,Sad3.wav
78,shrt.wav
79,Thinking3.wav
80,code.wav
81,happy_ending.wav
82,nine_36.wav
83,not_bad.wav
84,sorry.wav
85,Humm7.wav
86,pristine.wav
87,man_look_at_me.wav
88,lots_of_data.wav
89,nine_11.wav
90,flying_by.wav
91,bring_the_drama.wav
92,hold_on.wav
93,asmr_girl_you_there.wav
94,that_look.wav
95,splash.wav
96,nestling.wav
97,hey_champ.wav
98,buzzer.wav
99,oringz-pack-nine-37.wav
100,out_of_nowhere.wav
101,delicate_like_sand_paper.wav
102,gone_chirpin.wav
103,dropped.wav
104,nine_04.wav
105,rising_to_the_surface_.wav
106,cant_do_that.wav
107,genuinely_interested.wav
108,Greeting.wav
109,Beep6.wav
110,this_is_it.wav
111,hiccup.wav
112,Lullaby.wav
113,S29_MEOW_1.wav
114,short_sweep.wav
115,plucky.wav
116,hoarse.wav
117,clearly.wav
118,hello.wav
119,obey.wav
120,falling_into_place.wav
121,jubilation.wav
122,bubbling_up.wav
123,Greeting2.wav
124,Whistle5.wav
125,S81_YIPPEEE_2.wav
126,professionals.wav
127,asmr_girl_mmmm.wav
128,quite_impressed.wav
129,small_footprint.wav
130,opera.wav
131,thrown.wav
132,thats_nasty.wav
133,Humm1.wav
134,dropped_spinner.wav
135,twirl.wav
136,S119_GOODNIGHT.wav
137,asmr_girl_new_notification.wav
138,creaky_wood_door.wav
139,attracted.wav
140,Huh3.wav
141,S118_BYEBYE.wav
142,point_blank.wav
143,fly.wav
144,just_like_that.wav
145,alarming.wav
146,oringz-pack-nine-25.wav
147,strum.wav
148,fin.wav
149,S77_FUNCTIONAL_SUCCESS.wav
150,communication_channel.wav
151,oringz-pack-nine-16.wav
152,y.wav
153,engaged.wav
154,S67_ALARM_2.wav
155,wind_up_3.wav
156,asmr_girl_wanna_know_something_cool.wav
157,notification_1.wav
158,shy.wav
159,quiet_twitch.wav
160,old-taxi-horn-1.wav
161,shuffle.wav
162,cutting_through.wav
163,v-6.wav
164,locking_mechanism.wav
165,immersion.wav
166,oringz-pack-nine-09.wav
167,Humm9.wav
168,indeed.wav
169,man_message.wav
170,pull_out.wav
171,oringz-pack-nine-26.wav
172,nine_24.wav
173,cheerful_1.wav
174,excuse_me_2.wav
175,enough.wav
176,wailing.wav
177,put_down.wav
178,mistery_unlocked.wav
179,just_like_magic.wav
180,demonstrative.wav
181,tasty.wav
182,microsong-3notes-reverb.wav
183,short_trip_to_the_bottom.wav
184,Sleep.wav
185,ends_with_a_harmonic.wav
186,man_pick_me_up_im_here.wav
187,man_attention.wav
188,relax.wav
189,oringz-pack-nine-48.wav
190,who.wav
191,asmr_girl_hey_2.wav
192,Beep4.wav
193,man_i_have_a_secret.wav
194,magic.wav
195,can_you_hear_this.wav
196,vuvuzela-hiphop.wav
197,scissors.wav
198,nine_34.wav
199,microbounce.wav
200,oh_finally.wav
201,hell_yeah_calmer.wav
202,worthwhile.wav
203,youre_a_pussy.wav
204,shoot_em.wav
205,birdroid.wav
206,thats_a_no.wav
207,ending_reached.wav
208,man_you_have_a_new_message.wav
209,plastik.wav
210,Putdown.wav
211,wakeup-will-you-song.wav
212,S112_JOKE_1.wav
213,slow_spring_board_longer_tail.wav
214,nasty_error_short.wav
215,message.wav
216,hey_take_a_look.wav
217,oringz-pack-nine-38.wav
218,awareness.wav
219,horse-whinnies-4.wav
220,playful.wav
221,man-laughing-2.wav
222,out_of_bounds.wav
223,anybody_home.wav
224,come_to_daddy.wav
225,the_squeaky_wheel_gets_the_grease.wav
226,door-knock-2.wav
227,chirpy.wav
228,eventually.wav
229,nine_43.wav
230,S44_SNEEZE_2.wav
231,oringz-pack-nine-17.wav
232,confident.wav
233,departure.wav
234,ringing_chirp_repeated.wav
235,disintegration.wav
236,man_come_closer.wav
237,you_a_merry_christmas.wav
238,sounds_793_trembling.wav
239,open_up.wav
240,two_turtle_doves.wav
241,happy_new_year_sms.wav
242,hello_2.wav
243,nine_02.wav
244,announcement.wav
245,going_up.wav
246,wind_up_1.wav
247,reversed.wav
248,1-128.wav
249,decided.wav
250,task_completed.wav
251,begging_for_more.wav
252,congratulations.wav
253,Bump.wav
254,braked.wav
255,guess_what.wav
256,alarma.wav
257,piece_of_cake.wav
258,what_if.wav
259,oringz-pack-nine-30.wav
260,accomplished.wav
261,solemn.wav
262,hmm.wav
263,beyond_doubt_2.wav
264,digital_spit.wav
265,hard_rubby.wav
266,Humm8.wav
267,S113_PANCAKE_ROBOT_WHISTLE_1.wav
268,Humm4.wav
269,gesture.wav
270,incoming_call_2.wav
271,youve_been_informed.wav
272,percussion_sound.wav
273,cuckoo-clock-2.wav
274,sci_fi_ish.wav
275,oringz-pack-nine-40.wav
276,trained.wav
277,Lost.wav
278,croak.wav
279,whatever.wav
280,are_you_kidding.wav
281,martian-gun.wav
282,tightly.wav
283,reload.wav
284,something_you_dont_mess_with.wav
285,classic_ringer.wav
286,will_you.wav
287,springtime.wav
288,lace.wav
289,intricate.wav
290,micro.wav
291,S67_ALARM_1.wav
292,thin_air.wav
293,ringing_bells.wav
294,unexpected.wav
295,flutter.wav
296,long_tail_ringing_sound.wav
297,asmr_girl_look_at_me.wav
298,quarrel.wav
299,allusive.wav
300,overzealous.wav
301,high-gong.wav
302,succeeded.wav
303,conclusive.wav
304,i_saw_you.wav
305,teleporter.wav
306,strongly_attached.wav
307,inflicted.wav
308,arpeggio.wav
309,nine_08.wav
310,oh_really.wav
311,in_the_end.wav
312,drop_in.wav
313,stuffed_and_dropped.wav
314,all_eyes_on_me.wav
315,in_your_plate.wav
316,good-news.wav
317,sms.wav
318,asmr_girl_youre_beautiful.wav
319,ringing_chirp.wav
320,a_ha_moment.wav
321,nine_42.wav
322,quest.wav
323,metallic.wav
324,Wake.wav
325,PONDER_SAD.wav
326,mmm.wav
327,rvrb.wav
328,S67_ALARM_4.wav
329,on_spot.wav
330,alert.wav
331,access_granted.wav
332,fly_by.wav
333,job_done.wav
334,oh_noes.wav
335,oringz-pack-nine-42.wav
336,promise.wav
337,S112_JOKE_2.wav
338,parental_punishment.wav
339,robot_cant_believe_his_eyes.wav
340,guess_who.wav
341,nine_06.wav
342,maybe.wav
343,No.wav
344,glitch_in_the_matrix.wav
345,rising_up.wav
346,time_has_come.wav
347,pizzicato.wav
348,beyond_doubt.wav
349,my_work_is_done.wav
350,oringz-pack-nine-15.wav
351,scratch.wav
352,frog.wav
353,unsure.wav
354,swish.wav
355,your_turn.wav
356,bugle-call-toarms.wav
357,deduction.wav
358,power_down.wav
359,cheerful_2.wav
360,nine_25.wav
361,i_love_you.wav
362,asmr_girl_yo.wav
363,dog-barking.wav
364,Huh2.wav
365,hollow.wav
366,ho_ho.wav
367,angry_laser.wav
368,hey_look_at_me.wav
369,squeeze.wav
370,oringz-pack-nine-31.wav
371,nine_32.wav
372,appointed.wav
373,glitch.wav
374,asmr_girl_its_for_you.wav
375,gets_in_the_way.wav
376,strike.wav
377,swiftly.wav
378,wind_up_4.wav
379,closed.wav
380,you_wouldnt_believe.wav
381,approaching.wav
382,soundfx-scratch-that.wav
383,look_this_is_what_i_was_talking_about.wav
384,tower-clock.wav
385,ring1-test.wav
386,you_would_be_glad.wav
387,cuckoo-clock.wav
388,swift.wav
389,sunny.wav
390,soundfx-harsh-faash.wav
391,smack.wav
392,all_cards_on_table.wav
393,arrogant.wav
394,blocker.wav
395,lovely.wav
396,reinforced.wav
397,ok_2.wav
398,oringz-pack-nine-27.wav
399,i_demand_attention.wav
400,nine_17.wav
401,hmm_2.wav
402,nine_27.wav
403,system_fault.wav
404,you_song.wav
405,milestone.wav
406,forced_out.wav
407,asmr_girl_this_is_forbidden.wav
408,no_manners.wav
409,oringz-pack-nine-10.wav
410,nasty_error_long.wav
411,nine_13.wav
412,singing-vuvuzela.wav
413,Yes.wav
414,nice_cut.wav
415,silent-glass.wav
416,see_im_smart.wav
417,push_and_go.wav
418,mishap.wav
419,gold_standard_mic_check.wav
420,brute_force.wav
421,unconvinced.wav
422,fast-bells.wav
423,to_the_point.wav
424,coins.wav
425,new_notification.wav
426,capisci.wav
427,Bump2.wav
428,S97_VOLUME_CHANGE_MAX.wav
429,Volume.wav
430,glass-beaking-2.wav
431,important-stuff-song.wav
432,ok.wav
433,S12_GIGGLE_5.wav
434,surprise_on_a_spring.wav
435,tick.wav
436,swift_gesture.wav
437,short_notice.wav
438,vuvuzela-techno.wav
439,done_for_you.wav
440,undeniable.wav
441,hold_your_horses.wav
442,do_not_press_this_button.wav
443,Whistle3.wav
444,Got_It.wav
445,swinging.wav
446,nine_35.wav
447,ill_make_it_possible.wav
448,open_your_eyes_and_see.wav
449,car-horn.wav
450,take_this.wav
451,long_dang.wav
452,oringz-pack-nine-21.wav
453,arp-up.wav
454,S29_MEOW_3.wav
455,plastic_bird.wav
456,whistling.wav
457,man_youre_beautiful.wav
458,S12_GIGGLE_6.wav
459,oringz-pack-nine-43.wav
460,arrived.wav
461,Beep3.wav
462,you_have_a_new_message_2.wav
463,ringing_sound.wav
464,aliens_stealing_our_clocks.wav
465,successful.wav
466,serious_strike.wav
467,Purr2.wav
468,asmr_girl_you_have_a_message.wav
469,springy_incident.wav
470,Beep2.wav
471,Whistle_Wolf.wav
472,wind_up_2.wav
473,asmr_girl_kiss.wav
474,man_mmmm.wav
475,through_teeth.wav
476,droplet.wav
477,chimes.wav
478,shutter_2.wav
479,happy_jump.wav
480,alien_technology.wav
481,inquisitiveness.wav
482,what.wav
483,soundfx-startingup.wav
484,man_giggle_2.wav
485,message_2.wav
486,little_bell.wav
487,enough_with_the_talking.wav
488,sucked_into_the_dark_side.wav
489,teleop_start.wav
490,engine.wav
491,there_you_go.wav
492,hurry.wav
493,shield.wav
494,no_trespassing.wav
495,oringz-pack-nine-46.wav
496,big-gun.wav
497,v-2-single.wav
498,YOURE_WELCOME.wav
499,chafing.wav
500,attention_required.wav
501,asmr_girl_im_here_2.wav
502,connection.wav
503,takes_off.wav
504,graceful.wav
505,if_you_dont_pick_2.wav
506,soundfx-outofspace-gog.wav
507,show_stopper.wav
508,what_friends_are_for.wav
509,oringz-pack-nine-22.wav
510,obsession.wav
511,asmr_girl_i_need_your_attention.wav
512,sorry_2.wav
513,office_1.wav
514,access_granted_computer_voice.wav
515,proud.wav
516,S101_LIVE_LOVE.wav
517,ringing_bells_2.wav
518,hasty_ba_dum_tss.wav
519,Whistle1.wav
520,disobedient.wav
521,so_proud.wav
522,shut_your_mouth.wav
523,tiny-rings-2.wav
524,the_little_dwarf.wav
525,isnt_it.wav
526,self_assured.wav
527,oringz-pack-nine-32.wav
528,exquisite.wav
529,arp.wav
530,hey_take_a_look_2.wav
531,dogged.wav
532,stealthy_beep.wav
533,nine_29.wav
534,Thinking.wav
535,gentle_alarm.wav
536,nine_47.wav
537,nine_33.wav
538,S44_SNEEZE_1.wav
539,nine_07.wav
540,hesitating.wav
541,error_4.wav
542,docked.wav
543,Huh1.wav
544,shovel.wav
545,served.wav
546,bullfrog.wav
547,oringz-pack-nine-04.wav
548,knob.wav
549,man_giggle_1.wav
550,smile.wav
551,good_morning.wav
552,Happy_Birthday.wav
553,guess_who_2.wav
554,like_a_door_bell.wav
555,goes_without_saying.wav
556,oringz-pack-nine-12.wav
557,buzzy.wav
558,S89_BARK_2.wav
559,up_to_speed.wav
560,completed.wav
561,asmr_girl_i_got_news_for_you.wav
562,asmr_girl_ok.wav
563,if_you_dont_pick.wav
564,i_am_being_serious.wav
565,asmr_girl_im_ringing.wav
566,base.wav
567,man_im_riiiinging.wav
568,achievement.wav
569,like_it_never_even_happened.wav
570,sonar.wav
571,nine_16.wav
572,pedantic.wav
573,net.wav
574,S72_PURR_3.wav
575,you_cant_go_further.wav
576,assiduous.wav
577,exclamation.wav
578,hell_yeah.wav
579,S103_LIVE_FART_2.wav
580,furrow.wav
581,no_more_waiting.wav
582,from_the_dark_side.wav
583,tiny-rings.wav
584,moonless.wav
585,old-taxi-horn-3.wav
586,soundfx-slowingdown.wav
587,give_me_that_back.wav
588,vuvuzela-power-down.wav
589,unpaved.wav
590,oringz-pack-nine-35.wav
591,Whistle4.wav
592,answer_will_you.wav
593,asmr_girl_i_need_you.wav
594,decay.wav
595,light.wav
596,i_beg_you.wav
597,cooked.wav
598,Sad2.wav
599,oh_boy.wav
600,hey_im_here_too.wav
601,clock-ticking.wav
602,nine_18.wav
603,incoming_call.wav
604,Thinking1.wav
605,asmr_girl_pick_me_up.wav
606,old-taxi-horn-2.wav
607,crystalline.wav
608,nine_22.wav
609,nine_10.wav
610,anxious.wav
611,granules.wav
612,relentless.wav
613,of_bells.wav
614,nine_12.wav
615,maybe_one_day.wav
616,you.wav
617,BANG_GOINGDOWN.wav
618,oringz-pack-nine-03.wav
619,asmr_girl_new_message.wav
620,right_here_on_this_spot.wav
621,unknown_floating_device.wav
622,Beep1.wav
623,wee_tziu.wav
624,S72_PURR_4.wav
625,on_serious_matters.wav
626,lovingly.wav
627,exp_chirp.wav
628,checked_off.wav
629,hide_and_seek.wav
630,asmr_girl_well.wav
631,hmm_3.wav
632,here-I-am.wav
633,asmr_girl_i_have_a_secret.wav
634,monotone.wav
635,slow_jingle_bells.wav
636,elastique.wav
637,in_closing.wav
638,message_with_intro.wav
639,rubber_wall.wav
640,harping_all_the_way.wav
641,christmas_tune.wav
642,man_yo.wav
643,nine_48.wav
644,nine_28.wav
645,asmr_girl_hey_there.wav
646,when.wav
647,no_way.wav
648,Bump3.wav
649,nine_05.wav
650,in-a-hurry-song.wav
651,get_outta_here.wav
652,news_bringer.wav
653,Sad1.wav
654,nine_23.wav
655,done_2.wav
656,a_taste_of_the_whip.wav
657,asmr_girl_excuse_me.wav
658,dings.wav
659,yep.wav
660,thats_it.wav
661,hey.wav
662,paranoid.wav
663,asmr_girl_hey_pssst.wav
664,not_kiddin.wav
665,bells.wav
666,S13_GLITCH_1.wav
667,slow_spring_board.wav
668,ending.wav
669,LIKED_MOMENT_2.wav
670,man-laughing.wav
671,oringz-pack-nine-34.wav
672,S12_GIGGLE_7.wav
673,nine_30.wav
674,concise.wav
675,S29_MEOW_2.wav
676,its_me_again.wav
677,you_know.wav
678,ambulance-approach.wav
679,sky_high_pitch.wav
680,error_3.wav
681,machine_poo.wav
682,hurry_song.wav
683,nine_26.wav
684,S12_GIGGLE_4.wav
685,pluck.wav
686,oringz-pack-nine-45.wav
687,man_excuse_me.wav
688,MUSIC_STOPS.wav
689,wind_up_5.wav
690,asmr_girl_here.wav
691,glitchy_language.wav
692,tiny_steel_ball.wav
693,alarm-navy-buzzer.wav
694,man_oh.wav
695,oringz-pack-nine-28.wav
696,pitched_so_high.wav
697,asmr_girl_message.wav
698,Humm6.wav
699,nine_03.wav
700,hand_bell.wav
701,obviously.wav
702,nine_19.wav
703,asmr_girl_im_here.wav
704,quickie.wav
705,be_gentle_with_yourself.wav
706,snippy.wav
707,thats_how_it_goes.wav
708,for_sure.wav
709,microsong-asia.wav
710,wet.wav
711,another_hand_bell.wav
712,jammed.wav
713,pull_back.wav
714,nine_45.wav
715,pick_me_up_2.wav
716,case_closed.wav
717,frozen_powerlines.wav
718,Purr1.wav
719,you_expect_me_to_believe_this_shit.wav
720,excuse_me.wav
721,this_guitar.wav
722,suppressed.wav
723,S72_PURR_2.wav
724,nine_01.wav
725,oringz-pack-nine-13.wav
726,that_was_quick.wav
727,12_days_of_christmas.wav
728,slap.wav
729,microbubbles.wav
730,S104_LIVE_KISS_2.wav
731,does_not_behave.wav
732,Beep5.wav
733,Whistle6.wav
734,2.wav
735,Humm5.wav
736,told_you_so.wav
737,meaty.wav
738,electronic.wav
739,early-sunrise-song.wav
740,rooted.wav
741,results.wav
742,Pickup.wav
743,gummy_sweep.wav
744,intuition.wav
745,S112_JOKE_3.wav
746,all_systems_down.wav
747,supporters.wav
748,am.wav
749,attention_seeker.wav
750,oringz-pack-nine-33.wav
751,thrown_away.wav
752,asmr_girl_attention.wav
753,new-message.wav
754,pungent.wav
755,aww.wav
756,argh_my_eyes.wav
757,Huh.wav
758,asmr_girl_pick_me_up_2.wav
759,man_hmmm.wav
760,door-knock.wav
761,did_it.wav
762,morning.wav
763,razor_sharp.wav
764,synthetic.wav
765,sheep.wav
766,sorry_to_bother_you.wav
767,armed.wav
768,excuse_me_3.wav
769,cause_and_effect.wav
770,closure.wav
771,oringz-pack-nine-23.wav
772,oringz-pack-nine-05.wav
773,open_ended.wav
774,oringz-pack-nine-01.wav
775,hello_5.wav
776,oringz-pack-nine-08.wav
777,here_it_is.wav
778,you_have_a_new_message.wav
779,alarm_frenzy.wav
780,applause.wav
781,man_its_for_you.wav
782,chin_up.wav
783,S89_BARK_1.wav
784,asmr_girl_its_me.wav
785,insight.wav
786,shut_the_fuck_down.wav
787,unexpectedly.wav
788,hit.wav
789,oringz-pack-nine-41.wav
790,small_tip.wav
791,oringz-pack-nine-14.wav
792,system.wav
793,sharp.wav
794,may_i_have_your_attention.wav
795,finger_push.wav
796,time_is_now.wav
797,asmr_girl_giggle_2.wav
798,all_of_a_sudden.wav
799,oringz-pack-nine-36.wav
800,et_voila.wav
801,in_passing.wav
802,office_2.wav
803,ti-na.wav
804,rvrb2.wav
805,asmr_girl_giggle_1.wav
806,bells-message.wav
807,siren-air-raid.wav
808,oringz-pack-nine-07.wav
809,pick_me_up.wav
810,maidenly.wav
811,capture_start.wav
812,tweet.wav
813,thin.wav
814,oringz-pack-nine-24.wav
815,chimes_power_down.wav
816,nine_09.wav
817,asmr_girl_forbidden.wav
818,smack_that_bitch.wav
819,salient.wav
820,old-taxi-horn-4.wav
821,hello_4.wav
822,me_too.wav
823,teleop_end.wav
824,good_things_happen.wav
825,conclusion.wav
826,quiet_knock.wav
827,BANG_YIKES_WHOA.wav
828,asmr_girl_come_closer.wav
829,rush.wav
830,fire-alarm.wav
831,asmr_girl_hey.wav
832,elegant.wav
833,munchausen.wav
834,song.wav
835,telephone-busy-signal.wav
836,return.wav
837,S120_HAPPYNEWYEAR_2voice.wav
838,metal.wav
839,victory.wav
840,oringz-pack-nine-47.wav
841,S113_PANCAKE_ROBOT_WHISTLE_2.wav
842,Thinking2.wav
843,definite.wav
844,oringz-pack-nine-29.wav
845,direct_quieter.wav
846,finished_task.wav
847,clicking.wav
848,hangover.wav
849,sting.wav
850,registered.wav
851,done.wav
852,chime.wav
853,determined.wav
854,rawhide.wav
855,fast_turnaround.wav
856,oringz-pack-nine-19.wav
857,stealthy_swoosh.wav
858,unrecoverable.wav
859,oringz-pack-nine-18.wav
860,knuckle.wav
861,Giggle.wav
862,man_forbidden.wav
863,just_maybe.wav
864,nine_21.wav
865,S112_JOKE_WELL.wav
866,braking.wav
